presidente,año_programa,año_cuenta,tema,en_programa,en_cuenta,diferencia
aylwin,1990,1990,Araucanía/Mapuche,0.04,0.14,0.1
aylwin,1990,1990,Constitución,2.09,2.58,0.49
aylwin,1990,1990,Corrupción,0.15,0.14,-0.01
aylwin,1990,1990,Derechos humanos,1.29,1.15,-0.14
aylwin,1990,1990,Desigualdad,1.02,1.15,0.13
aylwin,1990,1990,Economía,16.4,16.61,0.21
aylwin,1990,1990,Educación,10.1,7.73,-2.37
aylwin,1990,1990,Género/Mujer,1.14,0.95,-0.19
aylwin,1990,1990,Medio ambiente,0.57,0.75,0.18
aylwin,1990,1990,Migración,0.87,0.47,-0.4
aylwin,1990,1990,Niños/Infancia,0.08,0.07,-0.01
aylwin,1990,1990,Pensiones,1.06,0.27,-0.79
aylwin,1990,1990,Pobreza,2.73,3.59,0.86
aylwin,1990,1990,Regiones,4.63,2.24,-2.39
aylwin,1990,1990,Salud,3.07,3.05,-0.02
aylwin,1990,1990,Seguridad,2.24,2.85,0.61
aylwin,1990,1990,Tecnología,2.32,1.76,-0.56
aylwin,1990,1990,Trabajo/Empleo,6.91,3.32,-3.59
aylwin,1990,1990,Vivienda,1.75,2.64,0.89
aylwin,1990,1991,Araucanía/Mapuche,0.04,0.23,0.19
aylwin,1990,1991,Constitución,2.09,4.3,2.21
aylwin,1990,1991,Corrupción,0.15,0.0,-0.15
aylwin,1990,1991,Derechos humanos,1.29,2.15,0.86
aylwin,1990,1991,Desigualdad,1.02,0.79,-0.23
aylwin,1990,1991,Economía,16.4,12.11,-4.29
aylwin,1990,1991,Educación,10.1,2.04,-8.06
aylwin,1990,1991,Género/Mujer,1.14,1.24,0.1
aylwin,1990,1991,Medio ambiente,0.57,0.57,0.0
aylwin,1990,1991,Migración,0.87,0.79,-0.08
aylwin,1990,1991,Niños/Infancia,0.08,0.0,-0.08
aylwin,1990,1991,Pensiones,1.06,0.45,-0.61
aylwin,1990,1991,Pobreza,2.73,2.72,-0.01
aylwin,1990,1991,Regiones,4.63,2.6,-2.03
aylwin,1990,1991,Salud,3.07,1.13,-1.94
aylwin,1990,1991,Seguridad,2.24,5.66,3.42
aylwin,1990,1991,Tecnología,2.32,1.58,-0.74
aylwin,1990,1991,Trabajo/Empleo,6.91,2.94,-3.97
aylwin,1990,1991,Vivienda,1.75,1.47,-0.28
aylwin,1990,1992,Araucanía/Mapuche,0.04,0.08,0.04
aylwin,1990,1992,Constitución,2.09,6.73,4.64
aylwin,1990,1992,Corrupción,0.15,0.31,0.16
aylwin,1990,1992,Derechos humanos,1.29,1.1,-0.19
aylwin,1990,1992,Desigualdad,1.02,0.31,-0.71
aylwin,1990,1992,Economía,16.4,12.45,-3.95
aylwin,1990,1992,Educación,10.1,5.56,-4.54
aylwin,1990,1992,Género/Mujer,1.14,1.02,-0.12
aylwin,1990,1992,Medio ambiente,0.57,0.78,0.21
aylwin,1990,1992,Migración,0.87,1.1,0.23
aylwin,1990,1992,Niños/Infancia,0.08,0.16,0.08
aylwin,1990,1992,Pensiones,1.06,1.17,0.11
aylwin,1990,1992,Pobreza,2.73,3.45,0.72
aylwin,1990,1992,Regiones,4.63,5.09,0.46
aylwin,1990,1992,Salud,3.07,3.52,0.45
aylwin,1990,1992,Seguridad,2.24,4.7,2.46
aylwin,1990,1992,Tecnología,2.32,1.33,-0.99
aylwin,1990,1992,Trabajo/Empleo,6.91,4.31,-2.6
aylwin,1990,1992,Vivienda,1.75,2.51,0.76
aylwin,1990,1993,Araucanía/Mapuche,0.04,0.24,0.2
aylwin,1990,1993,Constitución,2.09,2.87,0.78
aylwin,1990,1993,Corrupción,0.15,0.55,0.4
aylwin,1990,1993,Derechos humanos,1.29,0.61,-0.68
aylwin,1990,1993,Desigualdad,1.02,0.24,-0.78
aylwin,1990,1993,Economía,16.4,14.03,-2.37
aylwin,1990,1993,Educación,10.1,7.38,-2.72
aylwin,1990,1993,Género/Mujer,1.14,1.4,0.26
aylwin,1990,1993,Medio ambiente,0.57,0.91,0.34
aylwin,1990,1993,Migración,0.87,0.49,-0.38
aylwin,1990,1993,Niños/Infancia,0.08,0.18,0.1
aylwin,1990,1993,Pensiones,1.06,1.4,0.34
aylwin,1990,1993,Pobreza,2.73,2.93,0.2
aylwin,1990,1993,Regiones,4.63,3.17,-1.46
aylwin,1990,1993,Salud,3.07,3.54,0.47
aylwin,1990,1993,Seguridad,2.24,5.85,3.61
aylwin,1990,1993,Tecnología,2.32,1.52,-0.8
aylwin,1990,1993,Trabajo/Empleo,6.91,3.48,-3.43
aylwin,1990,1993,Vivienda,1.75,1.95,0.2
frei,1994,1994,Araucanía/Mapuche,0.0,0.09,0.09
frei,1994,1994,Constitución,0.76,1.75,0.99
frei,1994,1994,Corrupción,0.76,0.7,-0.06
frei,1994,1994,Derechos humanos,0.7,0.26,-0.44
frei,1994,1994,Desigualdad,0.44,0.17,-0.27
frei,1994,1994,Economía,18.36,17.49,-0.87
frei,1994,1994,Educación,12.0,6.65,-5.35
frei,1994,1994,Género/Mujer,5.02,1.14,-3.88
frei,1994,1994,Medio ambiente,1.65,1.49,-0.16
frei,1994,1994,Migración,0.7,0.44,-0.26
frei,1994,1994,Niños/Infancia,0.64,0.0,-0.64
frei,1994,1994,Pensiones,1.02,1.05,0.03
frei,1994,1994,Pobreza,9.85,5.25,-4.6
frei,1994,1994,Regiones,9.02,4.99,-4.03
frei,1994,1994,Salud,8.13,3.76,-4.37
frei,1994,1994,Seguridad,3.3,2.19,-1.11
frei,1994,1994,Tecnología,2.1,0.61,-1.49
frei,1994,1994,Trabajo/Empleo,6.16,3.06,-3.1
frei,1994,1994,Vivienda,1.14,2.36,1.22
frei,1994,1995,Araucanía/Mapuche,0.0,0.11,0.11
frei,1994,1995,Constitución,0.76,0.56,-0.2
frei,1994,1995,Corrupción,0.76,0.0,-0.76
frei,1994,1995,Derechos humanos,0.7,1.46,0.76
frei,1994,1995,Desigualdad,0.44,0.9,0.46
frei,1994,1995,Economía,18.36,11.42,-6.94
frei,1994,1995,Educación,12.0,11.42,-0.58
frei,1994,1995,Género/Mujer,5.02,1.57,-3.45
frei,1994,1995,Medio ambiente,1.65,0.0,-1.65
frei,1994,1995,Migración,0.7,0.45,-0.25
frei,1994,1995,Niños/Infancia,0.64,0.22,-0.42
frei,1994,1995,Pensiones,1.02,1.79,0.77
frei,1994,1995,Pobreza,9.85,4.14,-5.71
frei,1994,1995,Regiones,9.02,4.03,-4.99
frei,1994,1995,Salud,8.13,5.6,-2.53
frei,1994,1995,Seguridad,3.3,3.81,0.51
frei,1994,1995,Tecnología,2.1,0.45,-1.65
frei,1994,1995,Trabajo/Empleo,6.16,4.81,-1.35
frei,1994,1995,Vivienda,1.14,1.01,-0.13
frei,1994,1996,Araucanía/Mapuche,0.0,0.0,0.0
frei,1994,1996,Constitución,0.76,1.03,0.27
frei,1994,1996,Corrupción,0.76,1.12,0.36
frei,1994,1996,Derechos humanos,0.7,0.0,-0.7
frei,1994,1996,Desigualdad,0.44,0.09,-0.35
frei,1994,1996,Economía,18.36,15.48,-2.88
frei,1994,1996,Educación,12.0,11.78,-0.22
frei,1994,1996,Género/Mujer,5.02,1.46,-3.56
frei,1994,1996,Medio ambiente,1.65,0.43,-1.22
frei,1994,1996,Migración,0.7,0.26,-0.44
frei,1994,1996,Niños/Infancia,0.64,0.17,-0.47
frei,1994,1996,Pensiones,1.02,1.12,0.1
frei,1994,1996,Pobreza,9.85,5.85,-4.0
frei,1994,1996,Regiones,9.02,4.21,-4.81
frei,1994,1996,Salud,8.13,6.02,-2.11
frei,1994,1996,Seguridad,3.3,2.24,-1.06
frei,1994,1996,Tecnología,2.1,1.03,-1.07
frei,1994,1996,Trabajo/Empleo,6.16,2.92,-3.24
frei,1994,1996,Vivienda,1.14,4.04,2.9
frei,1994,1997,Araucanía/Mapuche,0.0,0.05,0.05
frei,1994,1997,Constitución,0.76,0.49,-0.27
frei,1994,1997,Corrupción,0.76,0.3,-0.46
frei,1994,1997,Derechos humanos,0.7,0.05,-0.65
frei,1994,1997,Desigualdad,0.44,0.4,-0.04
frei,1994,1997,Economía,18.36,11.31,-7.05
frei,1994,1997,Educación,12.0,10.17,-1.83
frei,1994,1997,Género/Mujer,5.02,2.72,-2.3
frei,1994,1997,Medio ambiente,1.65,0.64,-1.01
frei,1994,1997,Migración,0.7,0.35,-0.35
frei,1994,1997,Niños/Infancia,0.64,0.05,-0.59
frei,1994,1997,Pensiones,1.02,1.38,0.36
frei,1994,1997,Pobreza,9.85,2.96,-6.89
frei,1994,1997,Regiones,9.02,4.3,-4.72
frei,1994,1997,Salud,8.13,5.14,-2.99
frei,1994,1997,Seguridad,3.3,2.17,-1.13
frei,1994,1997,Tecnología,2.1,1.28,-0.82
frei,1994,1997,Trabajo/Empleo,6.16,3.41,-2.75
frei,1994,1997,Vivienda,1.14,2.02,0.88
frei,1994,1998,Araucanía/Mapuche,0.0,0.4,0.4
frei,1994,1998,Constitución,0.76,1.72,0.96
frei,1994,1998,Corrupción,0.76,0.53,-0.23
frei,1994,1998,Derechos humanos,0.7,0.13,-0.57
frei,1994,1998,Desigualdad,0.44,1.85,1.41
frei,1994,1998,Economía,18.36,12.03,-6.33
frei,1994,1998,Educación,12.0,12.42,0.42
frei,1994,1998,Género/Mujer,5.02,0.93,-4.09
frei,1994,1998,Medio ambiente,1.65,0.53,-1.12
frei,1994,1998,Migración,0.7,0.66,-0.04
frei,1994,1998,Niños/Infancia,0.64,0.13,-0.51
frei,1994,1998,Pensiones,1.02,1.19,0.17
frei,1994,1998,Pobreza,9.85,1.06,-8.79
frei,1994,1998,Regiones,9.02,3.04,-5.98
frei,1994,1998,Salud,8.13,4.89,-3.24
frei,1994,1998,Seguridad,3.3,3.44,0.14
frei,1994,1998,Tecnología,2.1,0.93,-1.17
frei,1994,1998,Trabajo/Empleo,6.16,3.17,-2.99
frei,1994,1998,Vivienda,1.14,1.72,0.58
frei,1994,1999,Araucanía/Mapuche,0.0,0.7,0.7
frei,1994,1999,Constitución,0.76,2.47,1.71
frei,1994,1999,Corrupción,0.76,0.35,-0.41
frei,1994,1999,Derechos humanos,0.7,0.42,-0.28
frei,1994,1999,Desigualdad,0.44,0.14,-0.3
frei,1994,1999,Economía,18.36,10.79,-7.57
frei,1994,1999,Educación,12.0,12.05,0.05
frei,1994,1999,Género/Mujer,5.02,0.56,-4.46
frei,1994,1999,Medio ambiente,1.65,1.34,-0.31
frei,1994,1999,Migración,0.7,0.42,-0.28
frei,1994,1999,Niños/Infancia,0.64,0.28,-0.36
frei,1994,1999,Pensiones,1.02,1.2,0.18
frei,1994,1999,Pobreza,9.85,2.47,-7.38
frei,1994,1999,Regiones,9.02,4.23,-4.79
frei,1994,1999,Salud,8.13,3.88,-4.25
frei,1994,1999,Seguridad,3.3,3.74,0.44
frei,1994,1999,Tecnología,2.1,1.2,-0.9
frei,1994,1999,Trabajo/Empleo,6.16,4.72,-1.44
frei,1994,1999,Vivienda,1.14,2.33,1.19
lagos,2000,2000,Araucanía/Mapuche,0.48,0.67,0.19
lagos,2000,2000,Constitución,2.13,2.29,0.16
lagos,2000,2000,Corrupción,0.87,0.27,-0.6
lagos,2000,2000,Derechos humanos,1.35,0.4,-0.95
lagos,2000,2000,Desigualdad,2.32,0.81,-1.51
lagos,2000,2000,Economía,13.82,10.38,-3.44
lagos,2000,2000,Educación,15.27,6.61,-8.66
lagos,2000,2000,Género/Mujer,5.22,2.7,-2.52
lagos,2000,2000,Medio ambiente,1.93,0.4,-1.53
lagos,2000,2000,Migración,0.0,0.27,0.27
lagos,2000,2000,Niños/Infancia,0.97,0.27,-0.7
lagos,2000,2000,Pensiones,2.03,0.94,-1.09
lagos,2000,2000,Pobreza,3.09,1.08,-2.01
lagos,2000,2000,Regiones,8.41,4.72,-3.69
lagos,2000,2000,Salud,10.15,1.48,-8.67
lagos,2000,2000,Seguridad,6.09,2.83,-3.26
lagos,2000,2000,Tecnología,3.09,3.24,0.15
lagos,2000,2000,Trabajo/Empleo,6.09,3.51,-2.58
lagos,2000,2000,Vivienda,3.48,1.21,-2.27
lagos,2000,2001,Araucanía/Mapuche,0.48,0.64,0.16
lagos,2000,2001,Constitución,2.13,2.07,-0.06
lagos,2000,2001,Corrupción,0.87,0.16,-0.71
lagos,2000,2001,Derechos humanos,1.35,0.16,-1.19
lagos,2000,2001,Desigualdad,2.32,0.32,-2.0
lagos,2000,2001,Economía,13.82,11.96,-1.86
lagos,2000,2001,Educación,15.27,12.92,-2.35
lagos,2000,2001,Género/Mujer,5.22,0.8,-4.42
lagos,2000,2001,Medio ambiente,1.93,0.96,-0.97
lagos,2000,2001,Migración,0.0,0.0,0.0
lagos,2000,2001,Niños/Infancia,0.97,0.16,-0.81
lagos,2000,2001,Pensiones,2.03,0.8,-1.23
lagos,2000,2001,Pobreza,3.09,0.96,-2.13
lagos,2000,2001,Regiones,8.41,2.23,-6.18
lagos,2000,2001,Salud,10.15,10.37,0.22
lagos,2000,2001,Seguridad,6.09,2.71,-3.38
lagos,2000,2001,Tecnología,3.09,2.39,-0.7
lagos,2000,2001,Trabajo/Empleo,6.09,5.74,-0.35
lagos,2000,2001,Vivienda,3.48,3.19,-0.29
lagos,2000,2002,Araucanía/Mapuche,0.48,0.93,0.45
lagos,2000,2002,Constitución,2.13,1.28,-0.85
lagos,2000,2002,Corrupción,0.87,0.35,-0.52
lagos,2000,2002,Derechos humanos,1.35,0.0,-1.35
lagos,2000,2002,Desigualdad,2.32,0.81,-1.51
lagos,2000,2002,Economía,13.82,8.24,-5.58
lagos,2000,2002,Educación,15.27,13.81,-1.46
lagos,2000,2002,Género/Mujer,5.22,2.67,-2.55
lagos,2000,2002,Medio ambiente,1.93,0.23,-1.7
lagos,2000,2002,Migración,0.0,0.23,0.23
lagos,2000,2002,Niños/Infancia,0.97,0.46,-0.51
lagos,2000,2002,Pensiones,2.03,0.58,-1.45
lagos,2000,2002,Pobreza,3.09,5.34,2.25
lagos,2000,2002,Regiones,8.41,1.62,-6.79
lagos,2000,2002,Salud,10.15,10.67,0.52
lagos,2000,2002,Seguridad,6.09,3.13,-2.96
lagos,2000,2002,Tecnología,3.09,0.46,-2.63
lagos,2000,2002,Trabajo/Empleo,6.09,4.52,-1.57
lagos,2000,2002,Vivienda,3.48,1.86,-1.62
lagos,2000,2003,Araucanía/Mapuche,0.48,0.13,-0.35
lagos,2000,2003,Constitución,2.13,0.93,-1.2
lagos,2000,2003,Corrupción,0.87,0.8,-0.07
lagos,2000,2003,Derechos humanos,1.35,0.13,-1.22
lagos,2000,2003,Desigualdad,2.32,0.13,-2.19
lagos,2000,2003,Economía,13.82,8.41,-5.41
lagos,2000,2003,Educación,15.27,10.41,-4.86
lagos,2000,2003,Género/Mujer,5.22,1.6,-3.62
lagos,2000,2003,Medio ambiente,1.93,0.13,-1.8
lagos,2000,2003,Migración,0.0,0.13,0.13
lagos,2000,2003,Niños/Infancia,0.97,0.4,-0.57
lagos,2000,2003,Pensiones,2.03,1.07,-0.96
lagos,2000,2003,Pobreza,3.09,4.0,0.91
lagos,2000,2003,Regiones,8.41,3.34,-5.07
lagos,2000,2003,Salud,10.15,4.14,-6.01
lagos,2000,2003,Seguridad,6.09,2.27,-3.82
lagos,2000,2003,Tecnología,3.09,1.07,-2.02
lagos,2000,2003,Trabajo/Empleo,6.09,5.87,-0.22
lagos,2000,2003,Vivienda,3.48,2.27,-1.21
lagos,2000,2004,Araucanía/Mapuche,0.48,0.24,-0.24
lagos,2000,2004,Constitución,2.13,1.06,-1.07
lagos,2000,2004,Corrupción,0.87,0.47,-0.4
lagos,2000,2004,Derechos humanos,1.35,0.83,-0.52
lagos,2000,2004,Desigualdad,2.32,0.47,-1.85
lagos,2000,2004,Economía,13.82,10.39,-3.43
lagos,2000,2004,Educación,15.27,9.09,-6.18
lagos,2000,2004,Género/Mujer,5.22,0.71,-4.51
lagos,2000,2004,Medio ambiente,1.93,0.24,-1.69
lagos,2000,2004,Migración,0.0,0.35,0.35
lagos,2000,2004,Niños/Infancia,0.97,0.12,-0.85
lagos,2000,2004,Pensiones,2.03,1.65,-0.38
lagos,2000,2004,Pobreza,3.09,0.94,-2.15
lagos,2000,2004,Regiones,8.41,4.61,-3.8
lagos,2000,2004,Salud,10.15,4.13,-6.02
lagos,2000,2004,Seguridad,6.09,3.19,-2.9
lagos,2000,2004,Tecnología,3.09,2.83,-0.26
lagos,2000,2004,Trabajo/Empleo,6.09,2.36,-3.73
lagos,2000,2004,Vivienda,3.48,1.77,-1.71
lagos,2000,2005,Araucanía/Mapuche,0.48,0.14,-0.34
lagos,2000,2005,Constitución,2.13,0.42,-1.71
lagos,2000,2005,Corrupción,0.87,0.28,-0.59
lagos,2000,2005,Derechos humanos,1.35,1.54,0.19
lagos,2000,2005,Desigualdad,2.32,2.1,-0.22
lagos,2000,2005,Economía,13.82,9.8,-4.02
lagos,2000,2005,Educación,15.27,15.83,0.56
lagos,2000,2005,Género/Mujer,5.22,0.56,-4.66
lagos,2000,2005,Medio ambiente,1.93,0.7,-1.23
lagos,2000,2005,Migración,0.0,0.14,0.14
lagos,2000,2005,Niños/Infancia,0.97,0.42,-0.55
lagos,2000,2005,Pensiones,2.03,1.26,-0.77
lagos,2000,2005,Pobreza,3.09,3.22,0.13
lagos,2000,2005,Regiones,8.41,2.24,-6.17
lagos,2000,2005,Salud,10.15,3.22,-6.93
lagos,2000,2005,Seguridad,6.09,1.96,-4.13
lagos,2000,2005,Tecnología,3.09,1.26,-1.83
lagos,2000,2005,Trabajo/Empleo,6.09,3.5,-2.59
lagos,2000,2005,Vivienda,3.48,2.66,-0.82
bachelet,2006,2006,Araucanía/Mapuche,0.37,0.37,0.0
bachelet,2006,2006,Constitución,0.53,0.37,-0.16
bachelet,2006,2006,Corrupción,0.76,0.5,-0.26
bachelet,2006,2006,Derechos humanos,0.73,1.49,0.76
bachelet,2006,2006,Desigualdad,1.32,0.5,-0.82
bachelet,2006,2006,Economía,14.46,13.8,-0.66
bachelet,2006,2006,Educación,9.18,9.33,0.15
bachelet,2006,2006,Género/Mujer,3.03,5.47,2.44
bachelet,2006,2006,Medio ambiente,1.91,0.87,-1.04
bachelet,2006,2006,Migración,0.7,0.75,0.05
bachelet,2006,2006,Niños/Infancia,0.65,0.25,-0.4
bachelet,2006,2006,Pensiones,2.61,2.98,0.37
bachelet,2006,2006,Pobreza,3.09,2.36,-0.73
bachelet,2006,2006,Regiones,5.05,5.6,0.55
bachelet,2006,2006,Salud,6.57,6.34,-0.23
bachelet,2006,2006,Seguridad,3.99,3.23,-0.76
bachelet,2006,2006,Tecnología,3.76,2.86,-0.9
bachelet,2006,2006,Trabajo/Empleo,5.19,5.1,-0.09
bachelet,2006,2006,Vivienda,2.13,4.1,1.97
bachelet,2006,2007,Araucanía/Mapuche,0.37,0.45,0.08
bachelet,2006,2007,Constitución,0.53,0.81,0.28
bachelet,2006,2007,Corrupción,0.76,1.35,0.59
bachelet,2006,2007,Derechos humanos,0.73,0.81,0.08
bachelet,2006,2007,Desigualdad,1.32,0.54,-0.78
bachelet,2006,2007,Economía,14.46,10.06,-4.4
bachelet,2006,2007,Educación,9.18,12.21,3.03
bachelet,2006,2007,Género/Mujer,3.03,4.94,1.91
bachelet,2006,2007,Medio ambiente,1.91,0.45,-1.46
bachelet,2006,2007,Migración,0.7,0.81,0.11
bachelet,2006,2007,Niños/Infancia,0.65,0.72,0.07
bachelet,2006,2007,Pensiones,2.61,1.89,-0.72
bachelet,2006,2007,Pobreza,3.09,2.33,-0.76
bachelet,2006,2007,Regiones,5.05,6.74,1.69
bachelet,2006,2007,Salud,6.57,2.69,-3.88
bachelet,2006,2007,Seguridad,3.99,2.33,-1.66
bachelet,2006,2007,Tecnología,3.76,1.71,-2.05
bachelet,2006,2007,Trabajo/Empleo,5.19,3.77,-1.42
bachelet,2006,2007,Vivienda,2.13,3.14,1.01
bachelet,2006,2008,Araucanía/Mapuche,0.37,0.47,0.1
bachelet,2006,2008,Constitución,0.53,0.68,0.15
bachelet,2006,2008,Corrupción,0.76,0.88,0.12
bachelet,2006,2008,Derechos humanos,0.73,0.81,0.08
bachelet,2006,2008,Desigualdad,1.32,0.81,-0.51
bachelet,2006,2008,Economía,14.46,9.13,-5.33
bachelet,2006,2008,Educación,9.18,10.35,1.17
bachelet,2006,2008,Género/Mujer,3.03,3.25,0.22
bachelet,2006,2008,Medio ambiente,1.91,1.01,-0.9
bachelet,2006,2008,Migración,0.7,1.35,0.65
bachelet,2006,2008,Niños/Infancia,0.65,0.61,-0.04
bachelet,2006,2008,Pensiones,2.61,2.1,-0.51
bachelet,2006,2008,Pobreza,3.09,2.03,-1.06
bachelet,2006,2008,Regiones,5.05,5.89,0.84
bachelet,2006,2008,Salud,6.57,4.06,-2.51
bachelet,2006,2008,Seguridad,3.99,1.83,-2.16
bachelet,2006,2008,Tecnología,3.76,2.44,-1.32
bachelet,2006,2008,Trabajo/Empleo,5.19,3.52,-1.67
bachelet,2006,2008,Vivienda,2.13,2.57,0.44
bachelet,2006,2009,Araucanía/Mapuche,0.37,0.36,-0.01
bachelet,2006,2009,Constitución,0.53,0.72,0.19
bachelet,2006,2009,Corrupción,0.76,1.07,0.31
bachelet,2006,2009,Derechos humanos,0.73,1.16,0.43
bachelet,2006,2009,Desigualdad,1.32,0.45,-0.87
bachelet,2006,2009,Economía,14.46,10.82,-3.64
bachelet,2006,2009,Educación,9.18,10.82,1.64
bachelet,2006,2009,Género/Mujer,3.03,3.22,0.19
bachelet,2006,2009,Medio ambiente,1.91,1.43,-0.48
bachelet,2006,2009,Migración,0.7,0.45,-0.25
bachelet,2006,2009,Niños/Infancia,0.65,1.07,0.42
bachelet,2006,2009,Pensiones,2.61,1.79,-0.82
bachelet,2006,2009,Pobreza,3.09,1.25,-1.84
bachelet,2006,2009,Regiones,5.05,2.33,-2.72
bachelet,2006,2009,Salud,6.57,4.74,-1.83
bachelet,2006,2009,Seguridad,3.99,1.16,-2.83
bachelet,2006,2009,Tecnología,3.76,1.52,-2.24
bachelet,2006,2009,Trabajo/Empleo,5.19,5.9,0.71
bachelet,2006,2009,Vivienda,2.13,2.68,0.55
pinera,2010,2010,Araucanía/Mapuche,0.63,0.74,0.11
pinera,2010,2010,Constitución,0.4,1.07,0.67
pinera,2010,2010,Corrupción,0.77,0.49,-0.28
pinera,2010,2010,Derechos humanos,0.57,0.82,0.25
pinera,2010,2010,Desigualdad,0.14,0.98,0.84
pinera,2010,2010,Economía,13.36,9.51,-3.85
pinera,2010,2010,Educación,11.05,12.79,1.74
pinera,2010,2010,Género/Mujer,1.91,2.95,1.04
pinera,2010,2010,Medio ambiente,2.39,1.8,-0.59
pinera,2010,2010,Migración,0.48,0.25,-0.23
pinera,2010,2010,Niños/Infancia,0.77,0.74,-0.03
pinera,2010,2010,Pensiones,1.17,0.66,-0.51
pinera,2010,2010,Pobreza,3.87,5.57,1.7
pinera,2010,2010,Regiones,6.24,3.61,-2.63
pinera,2010,2010,Salud,4.67,10.08,5.41
pinera,2010,2010,Seguridad,3.99,8.12,4.13
pinera,2010,2010,Tecnología,2.56,1.97,-0.59
pinera,2010,2010,Trabajo/Empleo,4.13,6.31,2.18
pinera,2010,2010,Vivienda,2.34,2.54,0.2
pinera,2010,2011,Araucanía/Mapuche,0.63,0.79,0.16
pinera,2010,2011,Constitución,0.4,1.38,0.98
pinera,2010,2011,Corrupción,0.77,0.39,-0.38
pinera,2010,2011,Derechos humanos,0.57,1.28,0.71
pinera,2010,2011,Desigualdad,0.14,0.59,0.45
pinera,2010,2011,Economía,13.36,7.96,-5.4
pinera,2010,2011,Educación,11.05,12.88,1.83
pinera,2010,2011,Género/Mujer,1.91,1.97,0.06
pinera,2010,2011,Medio ambiente,2.39,1.47,-0.92
pinera,2010,2011,Migración,0.48,0.49,0.01
pinera,2010,2011,Niños/Infancia,0.77,0.29,-0.48
pinera,2010,2011,Pensiones,1.17,0.98,-0.19
pinera,2010,2011,Pobreza,3.87,4.32,0.45
pinera,2010,2011,Regiones,6.24,3.93,-2.31
pinera,2010,2011,Salud,4.67,7.47,2.8
pinera,2010,2011,Seguridad,3.99,4.91,0.92
pinera,2010,2011,Tecnología,2.56,1.38,-1.18
pinera,2010,2011,Trabajo/Empleo,4.13,5.21,1.08
pinera,2010,2011,Vivienda,2.34,3.05,0.71
pinera,2010,2012,Araucanía/Mapuche,0.63,0.54,-0.09
pinera,2010,2012,Constitución,0.4,0.77,0.37
pinera,2010,2012,Corrupción,0.77,0.31,-0.46
pinera,2010,2012,Derechos humanos,0.57,0.31,-0.26
pinera,2010,2012,Desigualdad,0.14,0.54,0.4
pinera,2010,2012,Economía,13.36,6.43,-6.93
pinera,2010,2012,Educación,11.05,11.7,0.65
pinera,2010,2012,Género/Mujer,1.91,2.25,0.34
pinera,2010,2012,Medio ambiente,2.39,1.16,-1.23
pinera,2010,2012,Migración,0.48,0.62,0.14
pinera,2010,2012,Niños/Infancia,0.77,0.7,-0.07
pinera,2010,2012,Pensiones,1.17,0.77,-0.4
pinera,2010,2012,Pobreza,3.87,4.18,0.31
pinera,2010,2012,Regiones,6.24,5.42,-0.82
pinera,2010,2012,Salud,4.67,6.2,1.53
pinera,2010,2012,Seguridad,3.99,6.74,2.75
pinera,2010,2012,Tecnología,2.56,1.39,-1.17
pinera,2010,2012,Trabajo/Empleo,4.13,3.8,-0.33
pinera,2010,2012,Vivienda,2.34,3.87,1.53
pinera,2010,2013,Araucanía/Mapuche,0.63,0.49,-0.14
pinera,2010,2013,Constitución,0.4,1.85,1.45
pinera,2010,2013,Corrupción,0.77,0.29,-0.48
pinera,2010,2013,Derechos humanos,0.57,0.49,-0.08
pinera,2010,2013,Desigualdad,0.14,1.75,1.61
pinera,2010,2013,Economía,13.36,6.53,-6.83
pinera,2010,2013,Educación,11.05,13.94,2.89
pinera,2010,2013,Género/Mujer,1.91,2.53,0.62
pinera,2010,2013,Medio ambiente,2.39,1.17,-1.22
pinera,2010,2013,Migración,0.48,0.49,0.01
pinera,2010,2013,Niños/Infancia,0.77,0.29,-0.48
pinera,2010,2013,Pensiones,1.17,0.97,-0.2
pinera,2010,2013,Pobreza,3.87,4.87,1.0
pinera,2010,2013,Regiones,6.24,4.19,-2.05
pinera,2010,2013,Salud,4.67,6.43,1.76
pinera,2010,2013,Seguridad,3.99,7.02,3.03
pinera,2010,2013,Tecnología,2.56,0.88,-1.68
pinera,2010,2013,Trabajo/Empleo,4.13,4.48,0.35
pinera,2010,2013,Vivienda,2.34,2.63,0.29
bachelet,2014,2014,Araucanía/Mapuche,1.01,0.73,-0.28
bachelet,2014,2014,Constitución,3.9,1.24,-2.66
bachelet,2014,2014,Corrupción,0.92,0.36,-0.56
bachelet,2014,2014,Derechos humanos,1.6,0.29,-1.31
bachelet,2014,2014,Desigualdad,1.38,1.53,0.15
bachelet,2014,2014,Economía,16.12,12.66,-3.46
bachelet,2014,2014,Educación,12.47,13.17,0.7
bachelet,2014,2014,Género/Mujer,3.9,5.24,1.34
bachelet,2014,2014,Medio ambiente,3.35,1.67,-1.68
bachelet,2014,2014,Migración,0.6,0.07,-0.53
bachelet,2014,2014,Niños/Infancia,1.31,1.67,0.36
bachelet,2014,2014,Pensiones,1.54,1.16,-0.38
bachelet,2014,2014,Pobreza,2.41,1.16,-1.25
bachelet,2014,2014,Regiones,7.93,7.06,-0.87
bachelet,2014,2014,Salud,5.62,5.89,0.27
bachelet,2014,2014,Seguridad,3.55,2.91,-0.64
bachelet,2014,2014,Tecnología,3.81,1.46,-2.35
bachelet,2014,2014,Trabajo/Empleo,4.45,4.07,-0.38
bachelet,2014,2014,Vivienda,2.02,3.49,1.47
bachelet,2014,2015,Araucanía/Mapuche,1.01,0.6,-0.41
bachelet,2014,2015,Constitución,3.9,1.81,-2.09
bachelet,2014,2015,Corrupción,0.92,1.12,0.2
bachelet,2014,2015,Derechos humanos,1.6,0.69,-0.91
bachelet,2014,2015,Desigualdad,1.38,1.21,-0.17
bachelet,2014,2015,Economía,16.12,9.94,-6.18
bachelet,2014,2015,Educación,12.47,13.05,0.58
bachelet,2014,2015,Género/Mujer,3.9,3.8,-0.1
bachelet,2014,2015,Medio ambiente,3.35,1.64,-1.71
bachelet,2014,2015,Migración,0.6,0.17,-0.43
bachelet,2014,2015,Niños/Infancia,1.31,0.95,-0.36
bachelet,2014,2015,Pensiones,1.54,1.47,-0.07
bachelet,2014,2015,Pobreza,2.41,1.3,-1.11
bachelet,2014,2015,Regiones,7.93,6.91,-1.02
bachelet,2014,2015,Salud,5.62,5.18,-0.44
bachelet,2014,2015,Seguridad,3.55,2.94,-0.61
bachelet,2014,2015,Tecnología,3.81,1.56,-2.25
bachelet,2014,2015,Trabajo/Empleo,4.45,3.97,-0.48
bachelet,2014,2015,Vivienda,2.02,2.85,0.83
bachelet,2014,2016,Araucanía/Mapuche,1.01,0.52,-0.49
bachelet,2014,2016,Constitución,3.9,1.26,-2.64
bachelet,2014,2016,Corrupción,0.92,2.1,1.18
bachelet,2014,2016,Derechos humanos,1.6,0.52,-1.08
bachelet,2014,2016,Desigualdad,1.38,0.21,-1.17
bachelet,2014,2016,Economía,16.12,11.54,-4.58
bachelet,2014,2016,Educación,12.47,13.53,1.06
bachelet,2014,2016,Género/Mujer,3.9,3.98,0.08
bachelet,2014,2016,Medio ambiente,3.35,2.1,-1.25
bachelet,2014,2016,Migración,0.6,0.31,-0.29
bachelet,2014,2016,Niños/Infancia,1.31,0.94,-0.37
bachelet,2014,2016,Pensiones,1.54,1.15,-0.39
bachelet,2014,2016,Pobreza,2.41,0.84,-1.57
bachelet,2014,2016,Regiones,7.93,3.98,-3.95
bachelet,2014,2016,Salud,5.62,6.19,0.57
bachelet,2014,2016,Seguridad,3.55,2.41,-1.14
bachelet,2014,2016,Tecnología,3.81,2.31,-1.5
bachelet,2014,2016,Trabajo/Empleo,4.45,3.88,-0.57
bachelet,2014,2016,Vivienda,2.02,3.36,1.34
bachelet,2014,2017,Araucanía/Mapuche,1.01,0.72,-0.29
bachelet,2014,2017,Constitución,3.9,1.92,-1.98
bachelet,2014,2017,Corrupción,0.92,0.88,-0.04
bachelet,2014,2017,Derechos humanos,1.6,0.0,-1.6
bachelet,2014,2017,Desigualdad,1.38,1.04,-0.34
bachelet,2014,2017,Economía,16.12,10.9,-5.22
bachelet,2014,2017,Educación,12.47,12.02,-0.45
bachelet,2014,2017,Género/Mujer,3.9,3.13,-0.77
bachelet,2014,2017,Medio ambiente,3.35,2.8,-0.55
bachelet,2014,2017,Migración,0.6,0.48,-0.12
bachelet,2014,2017,Niños/Infancia,1.31,0.96,-0.35
bachelet,2014,2017,Pensiones,1.54,1.36,-0.18
bachelet,2014,2017,Pobreza,2.41,0.8,-1.61
bachelet,2014,2017,Regiones,7.93,6.41,-1.52
bachelet,2014,2017,Salud,5.62,5.45,-0.17
bachelet,2014,2017,Seguridad,3.55,3.13,-0.42
bachelet,2014,2017,Tecnología,3.81,1.84,-1.97
bachelet,2014,2017,Trabajo/Empleo,4.45,4.73,0.28
bachelet,2014,2017,Vivienda,2.02,5.45,3.43
pinera,2018,2018,Araucanía/Mapuche,1.11,0.85,-0.26
pinera,2018,2018,Constitución,1.4,0.75,-0.65
pinera,2018,2018,Corrupción,0.91,1.22,0.31
pinera,2018,2018,Derechos humanos,0.44,0.94,0.5
pinera,2018,2018,Desigualdad,0.58,0.38,-0.2
pinera,2018,2018,Economía,11.01,7.71,-3.3
pinera,2018,2018,Educación,12.82,8.93,-3.89
pinera,2018,2018,Género/Mujer,3.33,4.98,1.65
pinera,2018,2018,Medio ambiente,3.59,1.32,-2.27
pinera,2018,2018,Migración,1.72,1.13,-0.59
pinera,2018,2018,Niños/Infancia,1.02,2.16,1.14
pinera,2018,2018,Pensiones,2.42,1.32,-1.1
pinera,2018,2018,Pobreza,4.06,3.38,-0.68
pinera,2018,2018,Regiones,4.61,3.29,-1.32
pinera,2018,2018,Salud,7.94,5.07,-2.87
pinera,2018,2018,Seguridad,6.34,6.95,0.61
pinera,2018,2018,Tecnología,4.23,3.67,-0.56
pinera,2018,2018,Trabajo/Empleo,4.61,5.36,0.75
pinera,2018,2018,Vivienda,1.28,0.75,-0.53
pinera,2018,2019,Araucanía/Mapuche,1.11,1.67,0.56
pinera,2018,2019,Constitución,1.4,1.54,0.14
pinera,2018,2019,Corrupción,0.91,2.44,1.53
pinera,2018,2019,Derechos humanos,0.44,1.03,0.59
pinera,2018,2019,Desigualdad,0.58,0.26,-0.32
pinera,2018,2019,Economía,11.01,8.34,-2.67
pinera,2018,2019,Educación,12.82,7.57,-5.25
pinera,2018,2019,Género/Mujer,3.33,4.11,0.78
pinera,2018,2019,Medio ambiente,3.59,2.31,-1.28
pinera,2018,2019,Migración,1.72,0.9,-0.82
pinera,2018,2019,Niños/Infancia,1.02,0.9,-0.12
pinera,2018,2019,Pensiones,2.42,3.08,0.66
pinera,2018,2019,Pobreza,4.06,3.34,-0.72
pinera,2018,2019,Regiones,4.61,6.8,2.19
pinera,2018,2019,Salud,7.94,5.52,-2.42
pinera,2018,2019,Seguridad,6.34,10.65,4.31
pinera,2018,2019,Tecnología,4.23,3.59,-0.64
pinera,2018,2019,Trabajo/Empleo,4.61,5.78,1.17
pinera,2018,2019,Vivienda,1.28,2.95,1.67
pinera,2018,2020,Araucanía/Mapuche,1.11,0.75,-0.36
pinera,2018,2020,Constitución,1.4,2.39,0.99
pinera,2018,2020,Corrupción,0.91,0.25,-0.66
pinera,2018,2020,Derechos humanos,0.44,0.25,-0.19
pinera,2018,2020,Desigualdad,0.58,1.63,1.05
pinera,2018,2020,Economía,11.01,6.54,-4.47
pinera,2018,2020,Educación,12.82,5.53,-7.29
pinera,2018,2020,Género/Mujer,3.33,3.9,0.57
pinera,2018,2020,Medio ambiente,3.59,1.89,-1.7
pinera,2018,2020,Migración,1.72,1.26,-0.46
pinera,2018,2020,Niños/Infancia,1.02,0.75,-0.27
pinera,2018,2020,Pensiones,2.42,3.65,1.23
pinera,2018,2020,Pobreza,4.06,2.14,-1.92
pinera,2018,2020,Regiones,4.61,2.89,-1.72
pinera,2018,2020,Salud,7.94,11.69,3.75
pinera,2018,2020,Seguridad,6.34,4.27,-2.07
pinera,2018,2020,Tecnología,4.23,5.15,0.92
pinera,2018,2020,Trabajo/Empleo,4.61,4.65,0.04
pinera,2018,2020,Vivienda,1.28,1.38,0.1
pinera,2018,2021,Araucanía/Mapuche,1.11,2.29,1.18
pinera,2018,2021,Constitución,1.4,4.3,2.9
pinera,2018,2021,Corrupción,0.91,0.43,-0.48
pinera,2018,2021,Derechos humanos,0.44,2.43,1.99
pinera,2018,2021,Desigualdad,0.58,0.86,0.28
pinera,2018,2021,Economía,11.01,7.3,-3.71
pinera,2018,2021,Educación,12.82,8.59,-4.23
pinera,2018,2021,Género/Mujer,3.33,2.72,-0.61
pinera,2018,2021,Medio ambiente,3.59,0.43,-3.16
pinera,2018,2021,Migración,1.72,2.15,0.43
pinera,2018,2021,Niños/Infancia,1.02,0.86,-0.16
pinera,2018,2021,Pensiones,2.42,2.86,0.44
pinera,2018,2021,Pobreza,4.06,2.29,-1.77
pinera,2018,2021,Regiones,4.61,2.72,-1.89
pinera,2018,2021,Salud,7.94,18.05,10.11
pinera,2018,2021,Seguridad,6.34,11.31,4.97
pinera,2018,2021,Tecnología,4.23,3.01,-1.22
pinera,2018,2021,Trabajo/Empleo,4.61,4.58,-0.03
pinera,2018,2021,Vivienda,1.28,2.15,0.87
boric,2022,2022,Araucanía/Mapuche,0.86,0.88,0.02
boric,2022,2022,Constitución,1.05,0.72,-0.33
boric,2022,2022,Corrupción,1.13,1.36,0.23
boric,2022,2022,Derechos humanos,2.15,1.44,-0.71
boric,2022,2022,Desigualdad,1.13,0.8,-0.33
boric,2022,2022,Economía,12.94,7.51,-5.43
boric,2022,2022,Educación,14.6,5.75,-8.85
boric,2022,2022,Género/Mujer,6.39,3.75,-2.64
boric,2022,2022,Medio ambiente,5.82,1.92,-3.9
boric,2022,2022,Migración,1.56,0.88,-0.68
boric,2022,2022,Niños/Infancia,0.67,0.88,0.21
boric,2022,2022,Pensiones,1.96,1.92,-0.04
boric,2022,2022,Pobreza,0.7,0.64,-0.06
boric,2022,2022,Regiones,6.87,5.83,-1.04
boric,2022,2022,Salud,12.27,4.31,-7.96
boric,2022,2022,Seguridad,5.34,5.59,0.25
boric,2022,2022,Tecnología,5.88,1.44,-4.44
boric,2022,2022,Trabajo/Empleo,7.46,5.03,-2.43
boric,2022,2022,Vivienda,2.98,2.48,-0.5
boric,2022,2023,Araucanía/Mapuche,0.86,1.29,0.43
boric,2022,2023,Constitución,1.05,0.62,-0.43
boric,2022,2023,Corrupción,1.13,1.08,-0.05
boric,2022,2023,Derechos humanos,2.15,1.54,-0.61
boric,2022,2023,Desigualdad,1.13,0.26,-0.87
boric,2022,2023,Economía,12.94,6.63,-6.31
boric,2022,2023,Educación,14.6,4.42,-10.18
boric,2022,2023,Género/Mujer,6.39,2.88,-3.51
boric,2022,2023,Medio ambiente,5.82,2.11,-3.71
boric,2022,2023,Migración,1.56,2.06,0.5
boric,2022,2023,Niños/Infancia,0.67,0.41,-0.26
boric,2022,2023,Pensiones,1.96,0.93,-1.03
boric,2022,2023,Pobreza,0.7,0.46,-0.24
boric,2022,2023,Regiones,6.87,4.94,-1.93
boric,2022,2023,Salud,12.27,3.45,-8.82
boric,2022,2023,Seguridad,5.34,8.18,2.84
boric,2022,2023,Tecnología,5.88,1.44,-4.44
boric,2022,2023,Trabajo/Empleo,7.46,3.81,-3.65
boric,2022,2023,Vivienda,2.98,1.85,-1.13
boric,2022,2024,Araucanía/Mapuche,0.86,0.38,-0.48
boric,2022,2024,Constitución,1.05,1.08,0.03
boric,2022,2024,Corrupción,1.13,0.38,-0.75
boric,2022,2024,Derechos humanos,2.15,1.84,-0.31
boric,2022,2024,Desigualdad,1.13,0.32,-0.81
boric,2022,2024,Economía,12.94,7.53,-5.41
boric,2022,2024,Educación,14.6,6.46,-8.14
boric,2022,2024,Género/Mujer,6.39,2.72,-3.67
boric,2022,2024,Medio ambiente,5.82,1.71,-4.11
boric,2022,2024,Migración,1.56,1.33,-0.23
boric,2022,2024,Niños/Infancia,0.67,0.63,-0.04
boric,2022,2024,Pensiones,1.96,1.39,-0.57
boric,2022,2024,Pobreza,0.7,0.63,-0.07
boric,2022,2024,Regiones,6.87,2.85,-4.02
boric,2022,2024,Salud,12.27,4.81,-7.46
boric,2022,2024,Seguridad,5.34,8.23,2.89
boric,2022,2024,Tecnología,5.88,2.28,-3.6
boric,2022,2024,Trabajo/Empleo,7.46,4.43,-3.03
boric,2022,2024,Vivienda,2.98,1.71,-1.27
boric,2022,2025,Araucanía/Mapuche,0.86,0.47,-0.39
boric,2022,2025,Constitución,1.05,0.62,-0.43
boric,2022,2025,Corrupción,1.13,1.33,0.2
boric,2022,2025,Derechos humanos,2.15,1.64,-0.51
boric,2022,2025,Desigualdad,1.13,0.62,-0.51
boric,2022,2025,Economía,12.94,6.31,-6.63
boric,2022,2025,Educación,14.6,6.94,-7.66
boric,2022,2025,Género/Mujer,6.39,4.13,-2.26
boric,2022,2025,Medio ambiente,5.82,1.71,-4.11
boric,2022,2025,Migración,1.56,0.86,-0.7
boric,2022,2025,Niños/Infancia,0.67,0.7,0.03
boric,2022,2025,Pensiones,1.96,1.48,-0.48
boric,2022,2025,Pobreza,0.7,0.62,-0.08
boric,2022,2025,Regiones,6.87,3.82,-3.05
boric,2022,2025,Salud,12.27,7.41,-4.86
boric,2022,2025,Seguridad,5.34,5.53,0.19
boric,2022,2025,Tecnología,5.88,2.26,-3.62
boric,2022,2025,Trabajo/Empleo,7.46,4.91,-2.55
boric,2022,2025,Vivienda,2.98,0.94,-2.04
