tipo,año,presidente,archivo,n_palabras_total,menciones_Araucanía/Mapuche,menciones_Constitución,menciones_Corrupción,menciones_Derechos humanos,menciones_Desigualdad,menciones_Economía,menciones_Educación,menciones_Género/Mujer,menciones_Medio ambiente,menciones_Migración,menciones_Niños/Infancia,menciones_Pensiones,menciones_Pobreza,menciones_Regiones,menciones_Salud,menciones_Seguridad,menciones_Tecnología,menciones_Trabajo/Empleo,menciones_Vivienda,por_mil_Araucanía/Mapuche,por_mil_Constitución,por_mil_Corrupción,por_mil_Derechos humanos,por_mil_Desigualdad,por_mil_Economía,por_mil_Educación,por_mil_Género/Mujer,por_mil_Medio ambiente,por_mil_Migración,por_mil_Niños/Infancia,por_mil_Pensiones,por_mil_Pobreza,por_mil_Regiones,por_mil_Salud,por_mil_Seguridad,por_mil_Tecnología,por_mil_Trabajo/Empleo,por_mil_Vivienda
programa,1990,aylwin,1990_aylwin.txt,26343,1,55,4,34,27,432,266,30,15,23,2,28,72,122,81,59,61,182,46,0.04,2.09,0.15,1.29,1.02,16.4,10.1,1.14,0.57,0.87,0.08,1.06,2.73,4.63,3.07,2.24,2.32,6.91,1.75
programa,1994,frei,1994_frei.txt,15744,0,12,12,11,7,289,189,79,26,11,10,16,155,142,128,52,33,97,18,0.0,0.76,0.76,0.7,0.44,18.36,12.0,5.02,1.65,0.7,0.64,1.02,9.85,9.02,8.13,3.3,2.1,6.16,1.14
programa,2000,lagos,2000_lagos.txt,10344,5,22,9,14,24,143,158,54,20,0,10,21,32,87,105,63,32,63,36,0.48,2.13,0.87,1.35,2.32,13.82,15.27,5.22,1.93,0.0,0.97,2.03,3.09,8.41,10.15,6.09,3.09,6.09,3.48
programa,2006,bachelet,2006_bachelet.txt,35615,13,19,27,26,47,515,327,108,68,25,23,93,110,180,234,142,134,185,76,0.37,0.53,0.76,0.73,1.32,14.46,9.18,3.03,1.91,0.7,0.65,2.61,3.09,5.05,6.57,3.99,3.76,5.19,2.13
programa,2010,pinera,2010_pinera.txt,35104,22,14,27,20,5,469,388,67,84,17,27,41,136,219,164,140,90,145,82,0.63,0.4,0.77,0.57,0.14,13.36,11.05,1.91,2.39,0.48,0.77,1.17,3.87,6.24,4.67,3.99,2.56,4.13,2.34
programa,2014,bachelet,2014_bachelet.txt,43620,44,170,40,70,60,703,544,170,146,26,57,67,105,346,245,155,166,194,88,1.01,3.9,0.92,1.6,1.38,16.12,12.47,3.9,3.35,0.6,1.31,1.54,2.41,7.93,5.62,3.55,3.81,4.45,2.02
programa,2018,pinera,2018_pinera.txt,34245,38,48,31,15,20,377,439,114,123,59,35,83,139,158,272,217,145,158,44,1.11,1.4,0.91,0.44,0.58,11.01,12.82,3.33,3.59,1.72,1.02,2.42,4.06,4.61,7.94,6.34,4.23,4.61,1.28
programa,2022,boric,2022_boric.txt,37259,32,39,42,80,42,482,544,238,217,58,25,73,26,256,457,199,219,278,111,0.86,1.05,1.13,2.15,1.13,12.94,14.6,6.39,5.82,1.56,0.67,1.96,0.7,6.87,12.27,5.34,5.88,7.46,2.98
programa,2026,kast,2026_kast.txt,49899,30,36,63,18,3,664,327,56,234,73,26,128,49,171,343,264,168,172,113,0.6,0.72,1.26,0.36,0.06,13.31,6.55,1.12,4.69,1.46,0.52,2.57,0.98,3.43,6.87,5.29,3.37,3.45,2.26
cuenta,1990,aylwin,1990_aylwin.txt,14748,2,38,2,17,17,245,114,14,11,7,1,4,53,33,45,42,26,49,39,0.14,2.58,0.14,1.15,1.15,16.61,7.73,0.95,0.75,0.47,0.07,0.27,3.59,2.24,3.05,2.85,1.76,3.32,2.64
cuenta,1991,aylwin,1991_aylwin.txt,8837,2,38,0,19,7,107,18,11,5,7,0,4,24,23,10,50,14,26,13,0.23,4.3,0.0,2.15,0.79,12.11,2.04,1.24,0.57,0.79,0.0,0.45,2.72,2.6,1.13,5.66,1.58,2.94,1.47
cuenta,1992,aylwin,1992_aylwin.txt,12771,1,86,4,14,4,159,71,13,10,14,2,15,44,65,45,60,17,55,32,0.08,6.73,0.31,1.1,0.31,12.45,5.56,1.02,0.78,1.1,0.16,1.17,3.45,5.09,3.52,4.7,1.33,4.31,2.51
cuenta,1993,aylwin,1993_aylwin.txt,16399,4,47,9,10,4,230,121,23,15,8,3,23,48,52,58,96,25,57,32,0.24,2.87,0.55,0.61,0.24,14.03,7.38,1.4,0.91,0.49,0.18,1.4,2.93,3.17,3.54,5.85,1.52,3.48,1.95
cuenta,1994,frei,1994_frei.txt,11432,1,20,8,3,2,200,76,13,17,5,0,12,60,57,43,25,7,35,27,0.09,1.75,0.7,0.26,0.17,17.49,6.65,1.14,1.49,0.44,0.0,1.05,5.25,4.99,3.76,2.19,0.61,3.06,2.36
cuenta,1995,frei,1995_frei.txt,8934,1,5,0,13,8,102,102,14,0,4,2,16,37,36,50,34,4,43,9,0.11,0.56,0.0,1.46,0.9,11.42,11.42,1.57,0.0,0.45,0.22,1.79,4.14,4.03,5.6,3.81,0.45,4.81,1.01
cuenta,1996,frei,1996_frei.txt,11628,0,12,13,0,1,180,137,17,5,3,2,13,68,49,70,26,12,34,47,0.0,1.03,1.12,0.0,0.09,15.48,11.78,1.46,0.43,0.26,0.17,1.12,5.85,4.21,6.02,2.24,1.03,2.92,4.04
cuenta,1997,frei,1997_frei.txt,20252,1,10,6,1,8,229,206,55,13,7,1,28,60,87,104,44,26,69,41,0.05,0.49,0.3,0.05,0.4,11.31,10.17,2.72,0.64,0.35,0.05,1.38,2.96,4.3,5.14,2.17,1.28,3.41,2.02
cuenta,1998,frei,1998_frei.txt,7567,3,13,4,1,14,91,94,7,4,5,1,9,8,23,37,26,7,24,13,0.4,1.72,0.53,0.13,1.85,12.03,12.42,0.93,0.53,0.66,0.13,1.19,1.06,3.04,4.89,3.44,0.93,3.17,1.72
cuenta,1999,frei,1999_frei.txt,14186,10,35,5,6,2,153,171,8,19,6,4,17,35,60,55,53,17,67,33,0.7,2.47,0.35,0.42,0.14,10.79,12.05,0.56,1.34,0.42,0.28,1.2,2.47,4.23,3.88,3.74,1.2,4.72,2.33
cuenta,2000,lagos,2000_lagos.txt,7416,5,17,2,3,6,77,49,20,3,2,2,7,8,35,11,21,24,26,9,0.67,2.29,0.27,0.4,0.81,10.38,6.61,2.7,0.4,0.27,0.27,0.94,1.08,4.72,1.48,2.83,3.24,3.51,1.21
cuenta,2001,lagos,2001_lagos.txt,6269,4,13,1,1,2,75,81,5,6,0,1,5,6,14,65,17,15,36,20,0.64,2.07,0.16,0.16,0.32,11.96,12.92,0.8,0.96,0.0,0.16,0.8,0.96,2.23,10.37,2.71,2.39,5.74,3.19
cuenta,2002,lagos,2002_lagos.txt,8620,8,11,3,0,7,71,119,23,2,2,4,5,46,14,92,27,4,39,16,0.93,1.28,0.35,0.0,0.81,8.24,13.81,2.67,0.23,0.23,0.46,0.58,5.34,1.62,10.67,3.13,0.46,4.52,1.86
cuenta,2003,lagos,2003_lagos.txt,7493,1,7,6,1,1,63,78,12,1,1,3,8,30,25,31,17,8,44,17,0.13,0.93,0.8,0.13,0.13,8.41,10.41,1.6,0.13,0.13,0.4,1.07,4.0,3.34,4.14,2.27,1.07,5.87,2.27
cuenta,2004,lagos,2004_lagos.txt,8467,2,9,4,7,4,88,77,6,2,3,1,14,8,39,35,27,24,20,15,0.24,1.06,0.47,0.83,0.47,10.39,9.09,0.71,0.24,0.35,0.12,1.65,0.94,4.61,4.13,3.19,2.83,2.36,1.77
cuenta,2005,lagos,2005_lagos.txt,7140,1,3,2,11,15,70,113,4,5,1,3,9,23,16,23,14,9,25,19,0.14,0.42,0.28,1.54,2.1,9.8,15.83,0.56,0.7,0.14,0.42,1.26,3.22,2.24,3.22,1.96,1.26,3.5,2.66
cuenta,2006,bachelet,2006_bachelet.txt,8042,3,3,4,12,4,111,75,44,7,6,2,24,19,45,51,26,23,41,33,0.37,0.37,0.5,1.49,0.5,13.8,9.33,5.47,0.87,0.75,0.25,2.98,2.36,5.6,6.34,3.23,2.86,5.1,4.1
cuenta,2007,bachelet,2007_bachelet.txt,11135,5,9,15,9,6,112,136,55,5,9,8,21,26,75,30,26,19,42,35,0.45,0.81,1.35,0.81,0.54,10.06,12.21,4.94,0.45,0.81,0.72,1.89,2.33,6.74,2.69,2.33,1.71,3.77,3.14
cuenta,2008,bachelet,2008_bachelet.txt,14782,7,10,13,12,12,135,153,48,15,20,9,31,30,87,60,27,36,52,38,0.47,0.68,0.88,0.81,0.81,9.13,10.35,3.25,1.01,1.35,0.61,2.1,2.03,5.89,4.06,1.83,2.44,3.52,2.57
cuenta,2009,bachelet,2009_bachelet.txt,11178,4,8,12,13,5,121,121,36,16,5,12,20,14,26,53,13,17,66,30,0.36,0.72,1.07,1.16,0.45,10.82,10.82,3.22,1.43,0.45,1.07,1.79,1.25,2.33,4.74,1.16,1.52,5.9,2.68
cuenta,2010,pinera,2010_pinera.txt,12199,9,13,6,10,12,116,156,36,22,3,9,8,68,44,123,99,24,77,31,0.74,1.07,0.49,0.82,0.98,9.51,12.79,2.95,1.8,0.25,0.74,0.66,5.57,3.61,10.08,8.12,1.97,6.31,2.54
cuenta,2011,pinera,2011_pinera.txt,10174,8,14,4,13,6,81,131,20,15,5,3,10,44,40,76,50,14,53,31,0.79,1.38,0.39,1.28,0.59,7.96,12.88,1.97,1.47,0.49,0.29,0.98,4.32,3.93,7.47,4.91,1.38,5.21,3.05
cuenta,2012,pinera,2012_pinera.txt,12904,7,10,4,4,7,83,151,29,15,8,9,10,54,70,80,87,18,49,50,0.54,0.77,0.31,0.31,0.54,6.43,11.7,2.25,1.16,0.62,0.7,0.77,4.18,5.42,6.2,6.74,1.39,3.8,3.87
cuenta,2013,pinera,2013_pinera.txt,10259,5,19,3,5,18,67,143,26,12,5,3,10,50,43,66,72,9,46,27,0.49,1.85,0.29,0.49,1.75,6.53,13.94,2.53,1.17,0.49,0.29,0.97,4.87,4.19,6.43,7.02,0.88,4.48,2.63
cuenta,2014,bachelet,2014_bachelet.txt,13743,10,17,5,4,21,174,181,72,23,1,23,16,16,97,81,40,20,56,48,0.73,1.24,0.36,0.29,1.53,12.66,13.17,5.24,1.67,0.07,1.67,1.16,1.16,7.06,5.89,2.91,1.46,4.07,3.49
cuenta,2015,bachelet,2015_bachelet.txt,11575,7,21,13,8,14,115,151,44,19,2,11,17,15,80,60,34,18,46,33,0.6,1.81,1.12,0.69,1.21,9.94,13.05,3.8,1.64,0.17,0.95,1.47,1.3,6.91,5.18,2.94,1.56,3.97,2.85
cuenta,2016,bachelet,2016_bachelet.txt,9536,5,12,20,5,2,110,129,38,20,3,9,11,8,38,59,23,22,37,32,0.52,1.26,2.1,0.52,0.21,11.54,13.53,3.98,2.1,0.31,0.94,1.15,0.84,3.98,6.19,2.41,2.31,3.88,3.36
cuenta,2017,bachelet,2017_bachelet.txt,12479,9,24,11,0,13,136,150,39,35,6,12,17,10,80,68,39,23,59,68,0.72,1.92,0.88,0.0,1.04,10.9,12.02,3.13,2.8,0.48,0.96,1.36,0.8,6.41,5.45,3.13,1.84,4.73,5.45
cuenta,2018,pinera,2018_pinera.txt,10641,9,8,13,10,4,82,95,53,14,12,23,14,36,35,54,74,39,57,8,0.85,0.75,1.22,0.94,0.38,7.71,8.93,4.98,1.32,1.13,2.16,1.32,3.38,3.29,5.07,6.95,3.67,5.36,0.75
cuenta,2019,pinera,2019_pinera.txt,7790,13,12,19,8,2,65,59,32,18,7,7,24,26,53,43,83,28,45,23,1.67,1.54,2.44,1.03,0.26,8.34,7.57,4.11,2.31,0.9,0.9,3.08,3.34,6.8,5.52,10.65,3.59,5.78,2.95
cuenta,2020,pinera,2020_pinera.txt,7956,6,19,2,2,13,52,44,31,15,10,6,29,17,23,93,34,41,37,11,0.75,2.39,0.25,0.25,1.63,6.54,5.53,3.9,1.89,1.26,0.75,3.65,2.14,2.89,11.69,4.27,5.15,4.65,1.38
cuenta,2021,pinera,2021_pinera.txt,6982,16,30,3,17,6,51,60,19,3,15,6,20,16,19,126,79,21,32,15,2.29,4.3,0.43,2.43,0.86,7.3,8.59,2.72,0.43,2.15,0.86,2.86,2.29,2.72,18.05,11.31,3.01,4.58,2.15
cuenta,2022,boric,2022_boric.txt,12517,11,9,17,18,10,94,72,47,24,11,11,24,8,73,54,70,18,63,31,0.88,0.72,1.36,1.44,0.8,7.51,5.75,3.75,1.92,0.88,0.88,1.92,0.64,5.83,4.31,5.59,1.44,5.03,2.48
cuenta,2023,boric,2023_boric.txt,19444,25,12,21,30,5,129,86,56,41,40,8,18,9,96,67,159,28,74,36,1.29,0.62,1.08,1.54,0.26,6.63,4.42,2.88,2.11,2.06,0.41,0.93,0.46,4.94,3.45,8.18,1.44,3.81,1.85
cuenta,2024,boric,2024_boric.txt,15798,6,17,6,29,5,119,102,43,27,21,10,22,10,45,76,130,36,70,27,0.38,1.08,0.38,1.84,0.32,7.53,6.46,2.72,1.71,1.33,0.63,1.39,0.63,2.85,4.81,8.23,2.28,4.43,1.71
cuenta,2025,boric,2025_boric.txt,12829,6,8,17,21,8,81,89,53,22,11,9,19,8,49,95,71,29,63,12,0.47,0.62,1.33,1.64,0.62,6.31,6.94,4.13,1.71,0.86,0.7,1.48,0.62,3.82,7.41,5.53,2.26,4.91,0.94
